ProductID,ProductName,Category,Brand,UnitPrice
"PROD-101","Smartphone","Electronics","Nova","2805.12"
"PROD-102","Laptop","Electronics","BrandA","2609.65"
"PROD-103","Wireless Headphones","Electronics","Stellar","517.04"
"PROD-104","Smartwatch","Electronics","BrandX","4419.74"
"PROD-105","4K TV","Electronics","BrandX","3078.02"
"PROD-106","Bluetooth Speaker","Electronics","Nova","5560.78"
"PROD-107","Men's T-Shirt","Apparel","BrandA","6947.44"
"PROD-108","Women's Jeans","Apparel","BrandX","1134.39"
"PROD-109","Running Shoes","Apparel","Nova","5116.22"
"PROD-110","Formal Shirt","Apparel","Generic","4969.38"
"PROD-111","Summer Dress","Apparel","Quantum","7018.71"
"PROD-112","Leather Jacket","Apparel","BrandA","6408.12"
"PROD-113","Non-Stick Pan","Home & Kitchen","BrandX","6830.49"
"PROD-114","Blender","Home & Kitchen","Prestige","6163.3"
"PROD-115","Air Fryer","Home & Kitchen","Quantum","2109.41"
"PROD-116","Cotton Bedsheet","Home & Kitchen","Nova","1474.43"
"PROD-117","Robot Vacuum","Home & Kitchen","BrandA","4360.67"
"PROD-118","Coffee Maker","Home & Kitchen","Prestige","9990.67"
"PROD-119","The Alchemist","Books","Generic","1684.4"
"PROD-120","Sapiens","Books","Prestige","5946.95"
"PROD-121","Atomic Habits","Books","BrandA","7019.95"
"PROD-122","Ikigai","Books","Generic","3491.3"
"PROD-123","The Psychology of Money","Books","Stellar","6496.81"
"PROD-124","A Man Called Ove","Books","BrandX","5079.2"
"PROD-125","Yoga Mat","Sports & Outdoors","Stellar","897.64"
"PROD-126","Dumbbell Set","Sports & Outdoors","BrandX","1032.79"
"PROD-127","Camping Tent","Sports & Outdoors","Prestige","5563.03"
"PROD-128","Hiking Backpack","Sports & Outdoors","Generic","7849.95"
"PROD-129","Cricket Bat","Sports & Outdoors","Prestige","1276.68"
"PROD-130","Vitamin C Serum","Beauty & Health","Prestige","9237.91"
"PROD-131","Sunscreen SPF 50","Beauty & Health","Nova","2807.56"
"PROD-132","Whey Protein","Beauty & Health","BrandA","3600.46"
"PROD-133","Organic Shampoo","Beauty & Health","Stellar","6244.43"
"PROD-134","Electric Toothbrush","Beauty & Health","BrandA","4535.15"