CustomerID,FullName,Email,SignUpDate,City,Country
"CUST-1001","Aadya Verma","customer.1001@example.com","2023-08-21","Hyderabad","India"
"CUST-1002","Riya Sharma","customer.1002@example.com","2022-01-19","Jaipur","India"
"CUST-1003","Pari Kumar","customer.1003@example.com","2024-08-31","Pune","India"
"CUST-1004","Ayaan Shah","customer.1004@example.com","2022-06-11","Mumbai","India"
"CUST-1005","Sai Mehta","customer.1005@example.com","2022-04-14","Bangalore","India"
"CUST-1006","Vivaan Singh","customer.1006@example.com","2022-02-04","Kolkata","India"
"CUST-1007","Sitara Jain","customer.1007@example.com","2024-04-10","Mumbai","India"
"CUST-1008","Aadya Patel","customer.1008@example.com","2022-07-16","Ahmedabad","India"
"CUST-1009","Aarav Reddy","customer.1009@example.com","2024-07-04","Jaipur","India"
"CUST-1010","Sai Verma","customer.1010@example.com","2024-06-27","Delhi","India"
"CUST-1011","Riya Shah","customer.1011@example.com","2023-10-24","Kolkata","India"
"CUST-1012","Kiara Singh","customer.1012@example.com","2025-07-25","Surat","India"
"CUST-1013","Riya Patel","customer.1013@example.com","2023-12-16","Ahmedabad","India"
"CUST-1014","Aditya Mehta","customer.1014@example.com","2023-08-12","Hyderabad","India"
"CUST-1015","Ishaan Singh","customer.1015@example.com","2023-11-21","Mumbai","India"
"CUST-1016","Vihaan Sharma","customer.1016@example.com","2025-07-30","Mumbai","India"
"CUST-1017","Reyansh Patel","customer.1017@example.com","2024-04-11","Surat","India"
"CUST-1018","Krishna Verma","customer.1018@example.com","2022-06-07","Kolkata","India"
"CUST-1019","Riya Verma","customer.1019@example.com","2022-05-04","Bangalore","India"
"CUST-1020","Aadya Patel","customer.1020@example.com","2022-01-01","Ahmedabad","India"
"CUST-1021","Aadya Gupta","customer.1021@example.com","2022-01-13","Pune","India"
"CUST-1022","Sitara Singh","customer.1022@example.com","2023-10-09","Surat","India"
"CUST-1023","Ayaan Sharma","customer.1023@example.com","2024-12-23","Hyderabad","India"
"CUST-1024","Ananya Jain","customer.1024@example.com","2022-09-30","Mumbai","India"
"CUST-1025","Reyansh Mehta","customer.1025@example.com","2024-07-17","Hyderabad","India"
"CUST-1026","Sai Patel","customer.1026@example.com","2024-06-05","Kolkata","India"
"CUST-1027","Reyansh Patel","customer.1027@example.com","2022-10-06","Kolkata","India"
"CUST-1028","Saanvi Patel","customer.1028@example.com","2022-07-12","Chennai","India"
"CUST-1029","Ananya Mehta","customer.1029@example.com","2025-10-11","Hyderabad","India"
"CUST-1030","Diya Reddy","customer.1030@example.com","2024-08-04","Ahmedabad","India"
"CUST-1031","Kiara Reddy","customer.1031@example.com","2022-06-08","Ahmedabad","India"
"CUST-1032","Aadya Jain","customer.1032@example.com","2023-09-19","Delhi","India"
"CUST-1033","Aditya Jain","customer.1033@example.com","2025-08-10","Hyderabad","India"
"CUST-1034","Riya Sharma","customer.1034@example.com","2023-07-27","Chennai","India"
"CUST-1035","Vivaan Kumar","customer.1035@example.com","2025-09-13","Bangalore","India"
"CUST-1036","Riya Kumar","customer.1036@example.com","2023-04-12","Kolkata","India"
"CUST-1037","Ananya Patel","customer.1037@example.com","2024-02-03","Surat","India"
"CUST-1038","Aarav Singh","customer.1038@example.com","2024-03-13","Chennai","India"
"CUST-1039","Riya Verma","customer.1039@example.com","2025-05-02","Jaipur","India"
"CUST-1040","Aadya Kumar","customer.1040@example.com","2023-02-24","Kolkata","India"
"CUST-1041","Aditya Shah","customer.1041@example.com","2023-04-24","Pune","India"
"CUST-1042","Sitara Gupta","customer.1042@example.com","2024-01-24","Surat","India"
"CUST-1043","Diya Patel","customer.1043@example.com","2024-01-08","Bangalore","India"
"CUST-1044","Ayaan Mehta","customer.1044@example.com","2024-09-27","Chennai","India"
"CUST-1045","Saanvi Sharma","customer.1045@example.com","2023-08-25","Chennai","India"
"CUST-1046","Diya Verma","customer.1046@example.com","2024-07-09","Mumbai","India"
"CUST-1047","Diya Shah","customer.1047@example.com","2025-02-08","Pune","India"
"CUST-1048","Kiara Verma","customer.1048@example.com","2025-09-01","Bangalore","India"
"CUST-1049","Sitara Reddy","customer.1049@example.com","2024-07-22","Ahmedabad","India"
"CUST-1050","Kiara Patel","customer.1050@example.com","2025-04-10","Bangalore","India"
"CUST-1051","Sitara Sharma","customer.1051@example.com","2023-02-12","Kolkata","India"
"CUST-1052","Sitara Mehta","customer.1052@example.com","2024-05-15","Bangalore","India"
"CUST-1053","Aditya Verma","customer.1053@example.com","2023-08-03","Surat","India"
"CUST-1054","Saanvi Gupta","customer.1054@example.com","2022-09-04","Chennai","India"
"CUST-1055","Aadya Jain","customer.1055@example.com","2025-01-03","Kolkata","India"
"CUST-1056","Ishaan Kumar","customer.1056@example.com","2022-02-07","Mumbai","India"
"CUST-1057","Ayaan Mehta","customer.1057@example.com","2025-06-15","Kolkata","India"
"CUST-1058","Sai Kumar","customer.1058@example.com","2025-04-23","Jaipur","India"
"CUST-1059","Reyansh Jain","customer.1059@example.com","2022-03-10","Delhi","India"
"CUST-1060","Reyansh Reddy","customer.1060@example.com","2023-12-16","Surat","India"
"CUST-1061","Pari Gupta","customer.1061@example.com","2023-08-07","Hyderabad","India"
"CUST-1062","Aditya Shah","customer.1062@example.com","2023-09-02","Pune","India"
"CUST-1063","Sai Reddy","customer.1063@example.com","2025-10-20","Mumbai","India"
"CUST-1064","Sai Verma","customer.1064@example.com","2024-07-25","Pune","India"
"CUST-1065","Diya Verma","customer.1065@example.com","2024-03-04","Mumbai","India"
"CUST-1066","Aadya Patel","customer.1066@example.com","2022-03-03","Mumbai","India"
"CUST-1067","Kiara Mehta","customer.1067@example.com","2022-10-02","Delhi","India"
"CUST-1068","Vihaan Patel","customer.1068@example.com","2025-09-12","Delhi","India"
"CUST-1069","Ayaan Jain","customer.1069@example.com","2024-10-18","Ahmedabad","India"
"CUST-1070","Aarav Patel","customer.1070@example.com","2025-11-02","Bangalore","India"
"CUST-1071","Vivaan Mehta","customer.1071@example.com","2023-01-18","Hyderabad","India"
"CUST-1072","Arjun Verma","customer.1072@example.com","2023-08-31","Ahmedabad","India"
"CUST-1073","Kiara Patel","customer.1073@example.com","2023-12-25","Bangalore","India"
"CUST-1074","Diya Mehta","customer.1074@example.com","2022-02-17","Surat","India"
"CUST-1075","Arjun Mehta","customer.1075@example.com","2025-08-15","Kolkata","India"
"CUST-1076","Vihaan Singh","customer.1076@example.com","2022-12-09","Delhi","India"
"CUST-1077","Arjun Sharma","customer.1077@example.com","2025-08-13","Surat","India"
"CUST-1078","Arjun Shah","customer.1078@example.com","2025-02-10","Surat","India"
"CUST-1079","Sitara Shah","customer.1079@example.com","2022-08-25","Jaipur","India"
"CUST-1080","Sai Sharma","customer.1080@example.com","2022-02-19","Ahmedabad","India"
"CUST-1081","Reyansh Gupta","customer.1081@example.com","2024-10-29","Jaipur","India"
"CUST-1082","Aditya Patel","customer.1082@example.com","2024-01-13","Kolkata","India"
"CUST-1083","Pari Jain","customer.1083@example.com","2022-10-11","Surat","India"
"CUST-1084","Riya Reddy","customer.1084@example.com","2024-04-25","Mumbai","India"
"CUST-1085","Krishna Kumar","customer.1085@example.com","2024-02-07","Kolkata","India"
"CUST-1086","Aadya Gupta","customer.1086@example.com","2022-08-14","Pune","India"
"CUST-1087","Sai Patel","customer.1087@example.com","2025-02-20","Chennai","India"
"CUST-1088","Pari Gupta","customer.1088@example.com","2023-07-09","Kolkata","India"
"CUST-1089","Sai Jain","customer.1089@example.com","2024-03-12","Ahmedabad","India"
"CUST-1090","Pari Mehta","customer.1090@example.com","2024-07-25","Chennai","India"
"CUST-1091","Vivaan Kumar","customer.1091@example.com","2025-08-20","Bangalore","India"
"CUST-1092","Reyansh Mehta","customer.1092@example.com","2023-03-06","Kolkata","India"
"CUST-1093","Aditya Jain","customer.1093@example.com","2023-02-17","Ahmedabad","India"
"CUST-1094","Riya Singh","customer.1094@example.com","2022-06-02","Delhi","India"
"CUST-1095","Diya Shah","customer.1095@example.com","2025-09-06","Hyderabad","India"
"CUST-1096","Sitara Gupta","customer.1096@example.com","2024-01-25","Surat","India"
"CUST-1097","Krishna Singh","customer.1097@example.com","2025-06-08","Ahmedabad","India"
"CUST-1098","Aditya Kumar","customer.1098@example.com","2023-09-20","Kolkata","India"
"CUST-1099","Aarav Reddy","customer.1099@example.com","2025-08-01","Kolkata","India"
"CUST-1100","Sai Mehta","customer.1100@example.com","2022-04-07","Chennai","India"
"CUST-1101","Ayaan Mehta","customer.1101@example.com","2024-12-29","Hyderabad","India"
"CUST-1102","Riya Gupta","customer.1102@example.com","2025-03-03","Surat","India"
"CUST-1103","Diya Jain","customer.1103@example.com","2023-04-01","Chennai","India"
"CUST-1104","Ananya Kumar","customer.1104@example.com","2024-04-15","Kolkata","India"
"CUST-1105","Reyansh Verma","customer.1105@example.com","2022-05-12","Jaipur","India"
"CUST-1106","Ayaan Kumar","customer.1106@example.com","2025-06-08","Bangalore","India"
"CUST-1107","Aditya Verma","customer.1107@example.com","2025-06-11","Ahmedabad","India"
"CUST-1108","Ishaan Reddy","customer.1108@example.com","2023-06-08","Jaipur","India"
"CUST-1109","Diya Jain","customer.1109@example.com","2022-10-19","Chennai","India"
"CUST-1110","Riya Gupta","customer.1110@example.com","2025-07-06","Surat","India"
"CUST-1111","Aditya Gupta","customer.1111@example.com","2025-05-20","Ahmedabad","India"
"CUST-1112","Ishaan Reddy","customer.1112@example.com","2025-04-20","Chennai","India"
"CUST-1113","Sitara Jain","customer.1113@example.com","2024-02-15","Pune","India"
"CUST-1114","Reyansh Singh","customer.1114@example.com","2023-03-20","Hyderabad","India"
"CUST-1115","Ishaan Mehta","customer.1115@example.com","2023-12-15","Pune","India"
"CUST-1116","Kiara Mehta","customer.1116@example.com","2023-12-20","Jaipur","India"
"CUST-1117","Riya Gupta","customer.1117@example.com","2023-07-12","Mumbai","India"
"CUST-1118","Reyansh Gupta","customer.1118@example.com","2022-12-13","Delhi","India"
"CUST-1119","Ishaan Shah","customer.1119@example.com","2023-12-09","Pune","India"
"CUST-1120","Vihaan Shah","customer.1120@example.com","2022-08-22","Ahmedabad","India"
"CUST-1121","Aditya Shah","customer.1121@example.com","2025-06-20","Bangalore","India"
"CUST-1122","Arjun Gupta","customer.1122@example.com","2025-05-15","Bangalore","India"
"CUST-1123","Aditya Verma","customer.1123@example.com","2025-10-23","Surat","India"
"CUST-1124","Reyansh Jain","customer.1124@example.com","2022-02-24","Chennai","India"
"CUST-1125","Arjun Mehta","customer.1125@example.com","2023-04-07","Ahmedabad","India"
"CUST-1126","Krishna Gupta","customer.1126@example.com","2023-06-05","Bangalore","India"
"CUST-1127","Saanvi Singh","customer.1127@example.com","2024-08-09","Ahmedabad","India"
"CUST-1128","Aditya Jain","customer.1128@example.com","2025-01-08","Chennai","India"
"CUST-1129","Saanvi Reddy","customer.1129@example.com","2024-06-02","Chennai","India"
"CUST-1130","Ayaan Kumar","customer.1130@example.com","2024-09-12","Bangalore","India"
"CUST-1131","Pari Sharma","customer.1131@example.com","2022-01-12","Delhi","India"
"CUST-1132","Aarav Reddy","customer.1132@example.com","2022-10-02","Surat","India"
"CUST-1133","Kiara Reddy","customer.1133@example.com","2025-06-08","Chennai","India"
"CUST-1134","Saanvi Jain","customer.1134@example.com","2024-09-24","Bangalore","India"
"CUST-1135","Aditya Kumar","customer.1135@example.com","2024-01-16","Jaipur","India"
"CUST-1136","Saanvi Jain","customer.1136@example.com","2025-04-04","Delhi","India"
"CUST-1137","Reyansh Mehta","customer.1137@example.com","2023-08-01","Jaipur","India"
"CUST-1138","Saanvi Mehta","customer.1138@example.com","2025-04-06","Mumbai","India"
"CUST-1139","Ananya Mehta","customer.1139@example.com","2023-02-23","Pune","India"
"CUST-1140","Aarav Reddy","customer.1140@example.com","2023-01-28","Bangalore","India"
"CUST-1141","Krishna Mehta","customer.1141@example.com","2025-05-16","Chennai","India"
"CUST-1142","Pari Singh","customer.1142@example.com","2024-07-15","Surat","India"
"CUST-1143","Ayaan Patel","customer.1143@example.com","2022-08-28","Mumbai","India"
"CUST-1144","Ayaan Sharma","customer.1144@example.com","2022-12-06","Chennai","India"
"CUST-1145","Aarav Sharma","customer.1145@example.com","2024-02-03","Jaipur","India"
"CUST-1146","Reyansh Reddy","customer.1146@example.com","2024-12-19","Mumbai","India"
"CUST-1147","Arjun Reddy","customer.1147@example.com","2025-04-23","Chennai","India"
"CUST-1148","Sitara Shah","customer.1148@example.com","2023-04-01","Bangalore","India"
"CUST-1149","Ishaan Gupta","customer.1149@example.com","2022-12-10","Bangalore","India"
"CUST-1150","Aditya Sharma","customer.1150@example.com","2023-02-22","Mumbai","India"
"CUST-1151","Ayaan Patel","customer.1151@example.com","2022-04-22","Delhi","India"
"CUST-1152","Arjun Mehta","customer.1152@example.com","2022-12-10","Delhi","India"
"CUST-1153","Reyansh Reddy","customer.1153@example.com","2024-09-25","Mumbai","India"
"CUST-1154","Vihaan Mehta","customer.1154@example.com","2022-01-14","Jaipur","India"
"CUST-1155","Diya Kumar","customer.1155@example.com","2025-06-20","Bangalore","India"
"CUST-1156","Vihaan Verma","customer.1156@example.com","2024-03-19","Bangalore","India"
"CUST-1157","Ananya Verma","customer.1157@example.com","2025-06-09","Hyderabad","India"
"CUST-1158","Arjun Sharma","customer.1158@example.com","2024-10-20","Ahmedabad","India"
"CUST-1159","Aadya Sharma","customer.1159@example.com","2024-02-24","Mumbai","India"
"CUST-1160","Sai Sharma","customer.1160@example.com","2022-08-22","Hyderabad","India"
"CUST-1161","Arjun Mehta","customer.1161@example.com","2024-01-17","Chennai","India"
"CUST-1162","Arjun Singh","customer.1162@example.com","2023-08-13","Ahmedabad","India"
"CUST-1163","Sai Verma","customer.1163@example.com","2025-10-21","Mumbai","India"
"CUST-1164","Riya Patel","customer.1164@example.com","2023-10-17","Chennai","India"
"CUST-1165","Riya Sharma","customer.1165@example.com","2023-01-26","Jaipur","India"
"CUST-1166","Vivaan Reddy","customer.1166@example.com","2023-02-02","Chennai","India"
"CUST-1167","Ananya Mehta","customer.1167@example.com","2023-10-17","Bangalore","India"
"CUST-1168","Vivaan Mehta","customer.1168@example.com","2023-01-16","Kolkata","India"
"CUST-1169","Ananya Jain","customer.1169@example.com","2025-02-22","Pune","India"
"CUST-1170","Vihaan Gupta","customer.1170@example.com","2024-08-27","Delhi","India"
"CUST-1171","Ayaan Gupta","customer.1171@example.com","2023-01-20","Kolkata","India"
"CUST-1172","Krishna Kumar","customer.1172@example.com","2025-05-20","Jaipur","India"
"CUST-1173","Vivaan Gupta","customer.1173@example.com","2022-11-24","Surat","India"
"CUST-1174","Saanvi Shah","customer.1174@example.com","2025-09-24","Kolkata","India"
"CUST-1175","Aadya Gupta","customer.1175@example.com","2023-11-01","Jaipur","India"
"CUST-1176","Pari Sharma","customer.1176@example.com","2024-10-09","Jaipur","India"
"CUST-1177","Kiara Patel","customer.1177@example.com","2025-09-15","Delhi","India"
"CUST-1178","Sai Kumar","customer.1178@example.com","2025-02-26","Surat","India"
"CUST-1179","Saanvi Gupta","customer.1179@example.com","2024-04-18","Chennai","India"
"CUST-1180","Ayaan Gupta","customer.1180@example.com","2023-11-03","Mumbai","India"
"CUST-1181","Sai Kumar","customer.1181@example.com","2025-10-22","Kolkata","India"
"CUST-1182","Vihaan Sharma","customer.1182@example.com","2023-07-14","Chennai","India"
"CUST-1183","Aditya Singh","customer.1183@example.com","2025-03-16","Surat","India"
"CUST-1184","Arjun Verma","customer.1184@example.com","2023-07-03","Hyderabad","India"
"CUST-1185","Ishaan Jain","customer.1185@example.com","2025-01-20","Chennai","India"
"CUST-1186","Vihaan Patel","customer.1186@example.com","2023-10-12","Kolkata","India"
"CUST-1187","Saanvi Singh","customer.1187@example.com","2025-05-27","Hyderabad","India"
"CUST-1188","Aadya Singh","customer.1188@example.com","2024-01-15","Surat","India"
"CUST-1189","Saanvi Singh","customer.1189@example.com","2023-01-20","Hyderabad","India"
"CUST-1190","Ayaan Mehta","customer.1190@example.com","2023-03-04","Ahmedabad","India"
"CUST-1191","Ishaan Gupta","customer.1191@example.com","2023-09-21","Kolkata","India"
"CUST-1192","Pari Kumar","customer.1192@example.com","2024-02-14","Ahmedabad","India"
"CUST-1193","Arjun Verma","customer.1193@example.com","2025-11-12","Hyderabad","India"
"CUST-1194","Reyansh Gupta","customer.1194@example.com","2023-04-28","Delhi","India"
"CUST-1195","Kiara Kumar","customer.1195@example.com","2025-04-15","Surat","India"
"CUST-1196","Vivaan Jain","customer.1196@example.com","2022-10-09","Pune","India"
"CUST-1197","Reyansh Reddy","customer.1197@example.com","2025-05-31","Delhi","India"
"CUST-1198","Ananya Shah","customer.1198@example.com","2023-07-18","Pune","India"
"CUST-1199","Saanvi Gupta","customer.1199@example.com","2025-07-08","Chennai","India"
"CUST-1200","Arjun Reddy","customer.1200@example.com","2023-08-15","Jaipur","India"
"CUST-1201","Ayaan Reddy","customer.1201@example.com","2022-10-22","Pune","India"
"CUST-1202","Riya Reddy","customer.1202@example.com","2022-07-19","Mumbai","India"
"CUST-1203","Riya Jain","customer.1203@example.com","2024-08-10","Kolkata","India"
"CUST-1204","Vivaan Verma","customer.1204@example.com","2022-05-10","Pune","India"
"CUST-1205","Aditya Verma","customer.1205@example.com","2023-10-14","Pune","India"
"CUST-1206","Kiara Patel","customer.1206@example.com","2025-07-05","Bangalore","India"
"CUST-1207","Reyansh Sharma","customer.1207@example.com","2022-04-16","Kolkata","India"
"CUST-1208","Krishna Singh","customer.1208@example.com","2025-07-07","Mumbai","India"
"CUST-1209","Riya Jain","customer.1209@example.com","2022-01-25","Pune","India"
"CUST-1210","Aarav Kumar","customer.1210@example.com","2024-01-01","Jaipur","India"
"CUST-1211","Ayaan Reddy","customer.1211@example.com","2025-03-07","Hyderabad","India"
"CUST-1212","Sitara Mehta","customer.1212@example.com","2024-06-21","Delhi","India"
"CUST-1213","Ishaan Sharma","customer.1213@example.com","2023-10-25","Chennai","India"
"CUST-1214","Krishna Singh","customer.1214@example.com","2024-02-26","Mumbai","India"
"CUST-1215","Sitara Verma","customer.1215@example.com","2022-06-13","Chennai","India"
"CUST-1216","Sai Singh","customer.1216@example.com","2023-07-29","Bangalore","India"
"CUST-1217","Diya Patel","customer.1217@example.com","2024-09-18","Bangalore","India"
"CUST-1218","Ishaan Reddy","customer.1218@example.com","2023-04-18","Chennai","India"
"CUST-1219","Pari Singh","customer.1219@example.com","2023-09-07","Bangalore","India"
"CUST-1220","Diya Verma","customer.1220@example.com","2022-11-07","Mumbai","India"
"CUST-1221","Krishna Verma","customer.1221@example.com","2022-08-25","Surat","India"
"CUST-1222","Reyansh Jain","customer.1222@example.com","2024-03-02","Hyderabad","India"
"CUST-1223","Riya Reddy","customer.1223@example.com","2023-03-24","Chennai","India"
"CUST-1224","Vihaan Shah","customer.1224@example.com","2022-12-12","Pune","India"
"CUST-1225","Sitara Mehta","customer.1225@example.com","2024-08-03","Kolkata","India"
"CUST-1226","Vivaan Jain","customer.1226@example.com","2024-08-10","Chennai","India"
"CUST-1227","Vihaan Singh","customer.1227@example.com","2025-10-02","Surat","India"
"CUST-1228","Aarav Patel","customer.1228@example.com","2022-12-13","Ahmedabad","India"
"CUST-1229","Arjun Reddy","customer.1229@example.com","2022-11-16","Bangalore","India"
"CUST-1230","Riya Mehta","customer.1230@example.com","2025-06-26","Delhi","India"
"CUST-1231","Aadya Verma","customer.1231@example.com","2022-03-20","Jaipur","India"
"CUST-1232","Sitara Verma","customer.1232@example.com","2022-04-20","Ahmedabad","India"
"CUST-1233","Ayaan Gupta","customer.1233@example.com","2023-04-15","Chennai","India"
"CUST-1234","Aarav Gupta","customer.1234@example.com","2023-10-15","Hyderabad","India"
"CUST-1235","Riya Kumar","customer.1235@example.com","2022-12-06","Pune","India"
"CUST-1236","Aditya Shah","customer.1236@example.com","2024-12-06","Jaipur","India"
"CUST-1237","Ayaan Reddy","customer.1237@example.com","2024-05-14","Pune","India"
"CUST-1238","Arjun Patel","customer.1238@example.com","2022-08-04","Hyderabad","India"
"CUST-1239","Aditya Gupta","customer.1239@example.com","2025-10-11","Kolkata","India"
"CUST-1240","Aditya Singh","customer.1240@example.com","2025-02-05","Ahmedabad","India"
"CUST-1241","Aarav Kumar","customer.1241@example.com","2023-03-09","Mumbai","India"
"CUST-1242","Vihaan Mehta","customer.1242@example.com","2022-08-20","Mumbai","India"
"CUST-1243","Kiara Patel","customer.1243@example.com","2024-10-17","Hyderabad","India"
"CUST-1244","Saanvi Singh","customer.1244@example.com","2022-12-10","Surat","India"
"CUST-1245","Krishna Sharma","customer.1245@example.com","2023-03-07","Ahmedabad","India"
"CUST-1246","Arjun Patel","customer.1246@example.com","2022-07-28","Bangalore","India"
"CUST-1247","Diya Shah","customer.1247@example.com","2025-07-23","Mumbai","India"
"CUST-1248","Riya Mehta","customer.1248@example.com","2024-04-15","Ahmedabad","India"
"CUST-1249","Diya Kumar","customer.1249@example.com","2024-09-14","Bangalore","India"
"CUST-1250","Pari Gupta","customer.1250@example.com","2025-09-01","Kolkata","India"
"CUST-1251","Ananya Kumar","customer.1251@example.com","2023-05-28","Chennai","India"
"CUST-1252","Aarav Reddy","customer.1252@example.com","2024-03-21","Hyderabad","India"
"CUST-1253","Aadya Kumar","customer.1253@example.com","2024-10-24","Chennai","India"
"CUST-1254","Saanvi Jain","customer.1254@example.com","2023-06-07","Ahmedabad","India"
"CUST-1255","Kiara Shah","customer.1255@example.com","2022-08-24","Bangalore","India"
"CUST-1256","Saanvi Gupta","customer.1256@example.com","2025-05-08","Bangalore","India"
"CUST-1257","Diya Reddy","customer.1257@example.com","2023-03-04","Jaipur","India"
"CUST-1258","Ishaan Jain","customer.1258@example.com","2024-06-10","Bangalore","India"
"CUST-1259","Pari Jain","customer.1259@example.com","2024-02-27","Bangalore","India"
"CUST-1260","Krishna Kumar","customer.1260@example.com","2024-11-24","Delhi","India"
"CUST-1261","Ishaan Verma","customer.1261@example.com","2023-07-07","Kolkata","India"
"CUST-1262","Ananya Patel","customer.1262@example.com","2023-02-25","Delhi","India"
"CUST-1263","Pari Sharma","customer.1263@example.com","2023-05-22","Delhi","India"
"CUST-1264","Vivaan Patel","customer.1264@example.com","2022-01-17","Mumbai","India"
"CUST-1265","Reyansh Patel","customer.1265@example.com","2025-04-13","Pune","India"
"CUST-1266","Arjun Shah","customer.1266@example.com","2025-03-15","Kolkata","India"
"CUST-1267","Pari Singh","customer.1267@example.com","2025-02-22","Delhi","India"
"CUST-1268","Ishaan Jain","customer.1268@example.com","2022-11-16","Hyderabad","India"
"CUST-1269","Pari Mehta","customer.1269@example.com","2025-08-14","Hyderabad","India"
"CUST-1270","Sai Jain","customer.1270@example.com","2022-08-21","Kolkata","India"
"CUST-1271","Vivaan Kumar","customer.1271@example.com","2023-10-26","Hyderabad","India"
"CUST-1272","Ishaan Jain","customer.1272@example.com","2022-03-06","Bangalore","India"
"CUST-1273","Saanvi Kumar","customer.1273@example.com","2024-04-22","Kolkata","India"
"CUST-1274","Diya Mehta","customer.1274@example.com","2022-03-03","Surat","India"
"CUST-1275","Sitara Kumar","customer.1275@example.com","2022-01-16","Bangalore","India"
"CUST-1276","Arjun Mehta","customer.1276@example.com","2023-03-16","Pune","India"
"CUST-1277","Vihaan Reddy","customer.1277@example.com","2024-03-25","Pune","India"
"CUST-1278","Kiara Patel","customer.1278@example.com","2022-06-03","Jaipur","India"
"CUST-1279","Aditya Patel","customer.1279@example.com","2024-01-18","Surat","India"
"CUST-1280","Ananya Reddy","customer.1280@example.com","2023-01-01","Jaipur","India"
"CUST-1281","Ayaan Shah","customer.1281@example.com","2022-05-28","Delhi","India"
"CUST-1282","Reyansh Mehta","customer.1282@example.com","2024-01-14","Mumbai","India"
"CUST-1283","Aarav Reddy","customer.1283@example.com","2024-04-19","Hyderabad","India"
"CUST-1284","Aarav Kumar","customer.1284@example.com","2025-01-15","Pune","India"
"CUST-1285","Saanvi Verma","customer.1285@example.com","2025-09-08","Mumbai","India"
"CUST-1286","Aditya Mehta","customer.1286@example.com","2025-01-13","Jaipur","India"
"CUST-1287","Ishaan Verma","customer.1287@example.com","2024-02-15","Bangalore","India"
"CUST-1288","Arjun Patel","customer.1288@example.com","2023-01-13","Hyderabad","India"
"CUST-1289","Sitara Gupta","customer.1289@example.com","2024-01-19","Delhi","India"
"CUST-1290","Saanvi Singh","customer.1290@example.com","2025-10-02","Kolkata","India"
"CUST-1291","Krishna Verma","customer.1291@example.com","2023-03-17","Ahmedabad","India"
"CUST-1292","Krishna Shah","customer.1292@example.com","2025-08-28","Pune","India"
"CUST-1293","Sitara Singh","customer.1293@example.com","2024-09-22","Jaipur","India"
"CUST-1294","Ananya Reddy","customer.1294@example.com","2025-03-15","Chennai","India"
"CUST-1295","Krishna Sharma","customer.1295@example.com","2023-05-02","Chennai","India"
"CUST-1296","Krishna Jain","customer.1296@example.com","2024-10-04","Jaipur","India"
"CUST-1297","Arjun Verma","customer.1297@example.com","2025-09-02","Ahmedabad","India"
"CUST-1298","Sai Gupta","customer.1298@example.com","2023-04-19","Ahmedabad","India"
"CUST-1299","Saanvi Jain","customer.1299@example.com","2023-05-04","Bangalore","India"
"CUST-1300","Sai Mehta","customer.1300@example.com","2022-04-17","Pune","India"
"CUST-1301","Diya Mehta","customer.1301@example.com","2024-12-21","Bangalore","India"
"CUST-1302","Kiara Gupta","customer.1302@example.com","2022-07-29","Bangalore","India"
"CUST-1303","Diya Shah","customer.1303@example.com","2023-06-11","Jaipur","India"
"CUST-1304","Arjun Sharma","customer.1304@example.com","2025-05-11","Pune","India"
"CUST-1305","Krishna Shah","customer.1305@example.com","2023-08-05","Delhi","India"
"CUST-1306","Vihaan Singh","customer.1306@example.com","2024-11-04","Hyderabad","India"
"CUST-1307","Aarav Sharma","customer.1307@example.com","2022-05-07","Chennai","India"
"CUST-1308","Aarav Kumar","customer.1308@example.com","2025-08-22","Mumbai","India"
"CUST-1309","Sai Gupta","customer.1309@example.com","2023-03-15","Kolkata","India"
"CUST-1310","Riya Mehta","customer.1310@example.com","2023-01-25","Jaipur","India"
"CUST-1311","Diya Reddy","customer.1311@example.com","2022-09-18","Pune","India"
"CUST-1312","Diya Mehta","customer.1312@example.com","2025-09-26","Hyderabad","India"
"CUST-1313","Arjun Reddy","customer.1313@example.com","2023-05-10","Ahmedabad","India"
"CUST-1314","Aadya Sharma","customer.1314@example.com","2025-08-27","Kolkata","India"
"CUST-1315","Aarav Reddy","customer.1315@example.com","2024-03-11","Hyderabad","India"
"CUST-1316","Riya Jain","customer.1316@example.com","2025-06-08","Kolkata","India"
"CUST-1317","Sitara Patel","customer.1317@example.com","2023-05-15","Bangalore","India"
"CUST-1318","Aarav Kumar","customer.1318@example.com","2022-10-30","Bangalore","India"
"CUST-1319","Vivaan Patel","customer.1319@example.com","2022-12-04","Surat","India"
"CUST-1320","Sitara Sharma","customer.1320@example.com","2022-02-26","Surat","India"
"CUST-1321","Riya Gupta","customer.1321@example.com","2023-09-08","Jaipur","India"
"CUST-1322","Arjun Mehta","customer.1322@example.com","2022-09-01","Pune","India"
"CUST-1323","Arjun Singh","customer.1323@example.com","2024-11-22","Bangalore","India"
"CUST-1324","Aarav Jain","customer.1324@example.com","2022-12-20","Ahmedabad","India"
"CUST-1325","Kiara Jain","customer.1325@example.com","2023-01-19","Chennai","India"
"CUST-1326","Kiara Mehta","customer.1326@example.com","2023-01-30","Chennai","India"
"CUST-1327","Krishna Jain","customer.1327@example.com","2023-09-27","Mumbai","India"
"CUST-1328","Aditya Singh","customer.1328@example.com","2022-03-10","Surat","India"
"CUST-1329","Krishna Reddy","customer.1329@example.com","2023-10-19","Hyderabad","India"
"CUST-1330","Ayaan Kumar","customer.1330@example.com","2022-05-25","Delhi","India"
"CUST-1331","Ayaan Shah","customer.1331@example.com","2023-10-05","Kolkata","India"
"CUST-1332","Arjun Sharma","customer.1332@example.com","2024-04-15","Kolkata","India"
"CUST-1333","Aditya Kumar","customer.1333@example.com","2024-06-25","Chennai","India"
"CUST-1334","Arjun Kumar","customer.1334@example.com","2023-08-30","Kolkata","India"
"CUST-1335","Diya Kumar","customer.1335@example.com","2023-03-11","Chennai","India"
"CUST-1336","Arjun Verma","customer.1336@example.com","2024-11-19","Kolkata","India"
"CUST-1337","Kiara Verma","customer.1337@example.com","2023-05-14","Hyderabad","India"
"CUST-1338","Ishaan Patel","customer.1338@example.com","2022-08-01","Ahmedabad","India"
"CUST-1339","Kiara Jain","customer.1339@example.com","2025-08-31","Jaipur","India"
"CUST-1340","Vivaan Kumar","customer.1340@example.com","2024-10-31","Bangalore","India"
"CUST-1341","Sitara Singh","customer.1341@example.com","2025-02-02","Surat","India"
"CUST-1342","Arjun Verma","customer.1342@example.com","2022-05-28","Hyderabad","India"
"CUST-1343","Aarav Gupta","customer.1343@example.com","2022-06-08","Mumbai","India"
"CUST-1344","Diya Reddy","customer.1344@example.com","2024-01-12","Hyderabad","India"
"CUST-1345","Aditya Sharma","customer.1345@example.com","2024-02-21","Mumbai","India"
"CUST-1346","Ananya Kumar","customer.1346@example.com","2022-11-01","Ahmedabad","India"
"CUST-1347","Ishaan Jain","customer.1347@example.com","2024-02-28","Hyderabad","India"
"CUST-1348","Krishna Sharma","customer.1348@example.com","2022-05-10","Chennai","India"
"CUST-1349","Kiara Jain","customer.1349@example.com","2024-01-07","Kolkata","India"
"CUST-1350","Reyansh Kumar","customer.1350@example.com","2025-04-06","Hyderabad","India"
"CUST-1351","Diya Patel","customer.1351@example.com","2022-02-28","Jaipur","India"
"CUST-1352","Riya Gupta","customer.1352@example.com","2022-02-08","Mumbai","India"
"CUST-1353","Reyansh Mehta","customer.1353@example.com","2025-06-11","Kolkata","India"
"CUST-1354","Sitara Shah","customer.1354@example.com","2023-06-25","Ahmedabad","India"
"CUST-1355","Pari Singh","customer.1355@example.com","2025-10-24","Pune","India"
"CUST-1356","Aadya Sharma","customer.1356@example.com","2023-05-16","Hyderabad","India"
"CUST-1357","Ayaan Reddy","customer.1357@example.com","2024-05-02","Kolkata","India"
"CUST-1358","Saanvi Singh","customer.1358@example.com","2024-01-30","Pune","India"
"CUST-1359","Krishna Reddy","customer.1359@example.com","2024-07-07","Delhi","India"
"CUST-1360","Vivaan Reddy","customer.1360@example.com","2024-02-08","Delhi","India"
"CUST-1361","Ayaan Patel","customer.1361@example.com","2022-10-25","Bangalore","India"
"CUST-1362","Arjun Patel","customer.1362@example.com","2024-01-22","Mumbai","India"
"CUST-1363","Kiara Singh","customer.1363@example.com","2023-03-21","Kolkata","India"
"CUST-1364","Pari Gupta","customer.1364@example.com","2023-01-08","Hyderabad","India"
"CUST-1365","Riya Jain","customer.1365@example.com","2024-12-01","Surat","India"
"CUST-1366","Kiara Kumar","customer.1366@example.com","2022-12-19","Mumbai","India"
"CUST-1367","Reyansh Jain","customer.1367@example.com","2022-02-02","Kolkata","India"
"CUST-1368","Riya Kumar","customer.1368@example.com","2022-02-07","Hyderabad","India"
"CUST-1369","Aadya Singh","customer.1369@example.com","2024-09-19","Jaipur","India"
"CUST-1370","Ishaan Verma","customer.1370@example.com","2022-03-06","Delhi","India"
"CUST-1371","Arjun Patel","customer.1371@example.com","2025-02-21","Bangalore","India"
"CUST-1372","Ishaan Reddy","customer.1372@example.com","2023-09-07","Chennai","India"
"CUST-1373","Saanvi Kumar","customer.1373@example.com","2022-11-08","Pune","India"
"CUST-1374","Ananya Sharma","customer.1374@example.com","2025-06-14","Hyderabad","India"
"CUST-1375","Ananya Verma","customer.1375@example.com","2025-01-27","Kolkata","India"
"CUST-1376","Pari Jain","customer.1376@example.com","2023-11-07","Pune","India"
"CUST-1377","Aarav Mehta","customer.1377@example.com","2023-05-12","Kolkata","India"
"CUST-1378","Saanvi Verma","customer.1378@example.com","2022-10-01","Ahmedabad","India"
"CUST-1379","Aadya Shah","customer.1379@example.com","2024-02-01","Surat","India"
"CUST-1380","Reyansh Shah","customer.1380@example.com","2025-06-09","Surat","India"
"CUST-1381","Krishna Verma","customer.1381@example.com","2022-02-15","Hyderabad","India"
"CUST-1382","Arjun Shah","customer.1382@example.com","2022-04-03","Chennai","India"
"CUST-1383","Ishaan Verma","customer.1383@example.com","2025-02-06","Surat","India"
"CUST-1384","Vihaan Mehta","customer.1384@example.com","2024-12-16","Ahmedabad","India"
"CUST-1385","Riya Gupta","customer.1385@example.com","2022-05-09","Hyderabad","India"
"CUST-1386","Arjun Jain","customer.1386@example.com","2024-04-19","Ahmedabad","India"
"CUST-1387","Arjun Kumar","customer.1387@example.com","2022-09-26","Ahmedabad","India"
"CUST-1388","Arjun Mehta","customer.1388@example.com","2024-10-26","Delhi","India"
"CUST-1389","Aadya Mehta","customer.1389@example.com","2024-01-31","Jaipur","India"
"CUST-1390","Ayaan Kumar","customer.1390@example.com","2025-11-13","Bangalore","India"
"CUST-1391","Sitara Singh","customer.1391@example.com","2024-02-06","Delhi","India"
"CUST-1392","Riya Sharma","customer.1392@example.com","2024-07-03","Hyderabad","India"
"CUST-1393","Aadya Shah","customer.1393@example.com","2025-06-12","Bangalore","India"
"CUST-1394","Vivaan Reddy","customer.1394@example.com","2022-12-08","Hyderabad","India"
"CUST-1395","Aditya Shah","customer.1395@example.com","2023-08-21","Surat","India"
"CUST-1396","Ayaan Singh","customer.1396@example.com","2022-10-28","Kolkata","India"
"CUST-1397","Ishaan Sharma","customer.1397@example.com","2024-01-24","Bangalore","India"
"CUST-1398","Riya Kumar","customer.1398@example.com","2025-09-19","Kolkata","India"
"CUST-1399","Ananya Singh","customer.1399@example.com","2022-07-03","Bangalore","India"
"CUST-1400","Ayaan Reddy","customer.1400@example.com","2024-03-13","Bangalore","India"
"CUST-1401","Sai Sharma","customer.1401@example.com","2025-10-22","Surat","India"
"CUST-1402","Sitara Singh","customer.1402@example.com","2022-03-22","Mumbai","India"
"CUST-1403","Reyansh Patel","customer.1403@example.com","2024-03-06","Surat","India"
"CUST-1404","Krishna Verma","customer.1404@example.com","2025-02-19","Pune","India"
"CUST-1405","Vivaan Verma","customer.1405@example.com","2024-07-21","Delhi","India"
"CUST-1406","Riya Gupta","customer.1406@example.com","2023-09-30","Kolkata","India"
"CUST-1407","Vivaan Sharma","customer.1407@example.com","2025-05-25","Pune","India"
"CUST-1408","Sitara Mehta","customer.1408@example.com","2025-08-23","Mumbai","India"
"CUST-1409","Sai Singh","customer.1409@example.com","2022-11-10","Delhi","India"
"CUST-1410","Arjun Gupta","customer.1410@example.com","2023-03-28","Delhi","India"
"CUST-1411","Aditya Gupta","customer.1411@example.com","2022-03-01","Surat","India"
"CUST-1412","Vivaan Kumar","customer.1412@example.com","2025-01-08","Pune","India"
"CUST-1413","Aditya Singh","customer.1413@example.com","2025-11-09","Kolkata","India"
"CUST-1414","Arjun Jain","customer.1414@example.com","2024-05-03","Surat","India"
"CUST-1415","Sitara Verma","customer.1415@example.com","2023-06-02","Hyderabad","India"
"CUST-1416","Vivaan Kumar","customer.1416@example.com","2023-02-04","Delhi","India"
"CUST-1417","Aadya Reddy","customer.1417@example.com","2022-03-16","Pune","India"
"CUST-1418","Ishaan Shah","customer.1418@example.com","2022-09-24","Pune","India"
"CUST-1419","Saanvi Singh","customer.1419@example.com","2022-05-17","Jaipur","India"
"CUST-1420","Sitara Reddy","customer.1420@example.com","2023-04-27","Jaipur","India"
"CUST-1421","Ayaan Reddy","customer.1421@example.com","2022-08-25","Pune","India"
"CUST-1422","Aarav Verma","customer.1422@example.com","2023-04-09","Surat","India"
"CUST-1423","Aarav Sharma","customer.1423@example.com","2023-04-06","Bangalore","India"
"CUST-1424","Aditya Singh","customer.1424@example.com","2022-05-03","Jaipur","India"
"CUST-1425","Kiara Mehta","customer.1425@example.com","2024-12-10","Delhi","India"
"CUST-1426","Saanvi Kumar","customer.1426@example.com","2024-09-18","Ahmedabad","India"
"CUST-1427","Aadya Kumar","customer.1427@example.com","2023-12-03","Bangalore","India"
"CUST-1428","Sai Kumar","customer.1428@example.com","2025-07-08","Ahmedabad","India"
"CUST-1429","Diya Kumar","customer.1429@example.com","2024-09-08","Chennai","India"
"CUST-1430","Kiara Patel","customer.1430@example.com","2023-01-12","Mumbai","India"
"CUST-1431","Sitara Jain","customer.1431@example.com","2022-08-08","Delhi","India"
"CUST-1432","Vivaan Gupta","customer.1432@example.com","2023-10-30","Surat","India"
"CUST-1433","Arjun Gupta","customer.1433@example.com","2024-06-06","Bangalore","India"
"CUST-1434","Diya Reddy","customer.1434@example.com","2025-03-19","Surat","India"
"CUST-1435","Aadya Gupta","customer.1435@example.com","2022-11-13","Chennai","India"
"CUST-1436","Pari Patel","customer.1436@example.com","2023-02-19","Chennai","India"
"CUST-1437","Kiara Singh","customer.1437@example.com","2025-10-08","Ahmedabad","India"
"CUST-1438","Vihaan Reddy","customer.1438@example.com","2023-12-18","Ahmedabad","India"
"CUST-1439","Kiara Patel","customer.1439@example.com","2023-08-25","Ahmedabad","India"
"CUST-1440","Vihaan Mehta","customer.1440@example.com","2024-11-20","Jaipur","India"
"CUST-1441","Diya Mehta","customer.1441@example.com","2024-07-05","Surat","India"
"CUST-1442","Krishna Shah","customer.1442@example.com","2024-01-29","Pune","India"
"CUST-1443","Arjun Reddy","customer.1443@example.com","2024-03-22","Mumbai","India"
"CUST-1444","Vivaan Kumar","customer.1444@example.com","2023-08-29","Pune","India"
"CUST-1445","Vihaan Singh","customer.1445@example.com","2024-04-18","Hyderabad","India"
"CUST-1446","Aditya Reddy","customer.1446@example.com","2022-12-28","Kolkata","India"
"CUST-1447","Ishaan Patel","customer.1447@example.com","2023-09-22","Delhi","India"
"CUST-1448","Aarav Patel","customer.1448@example.com","2025-02-07","Ahmedabad","India"
"CUST-1449","Aarav Shah","customer.1449@example.com","2022-06-10","Mumbai","India"
"CUST-1450","Reyansh Sharma","customer.1450@example.com","2024-09-25","Ahmedabad","India"
"CUST-1451","Arjun Gupta","customer.1451@example.com","2024-12-22","Pune","India"
"CUST-1452","Riya Singh","customer.1452@example.com","2025-03-12","Delhi","India"
"CUST-1453","Arjun Kumar","customer.1453@example.com","2024-11-29","Mumbai","India"
"CUST-1454","Kiara Jain","customer.1454@example.com","2023-10-03","Mumbai","India"
"CUST-1455","Reyansh Patel","customer.1455@example.com","2024-03-31","Jaipur","India"
"CUST-1456","Diya Mehta","customer.1456@example.com","2025-06-10","Hyderabad","India"
"CUST-1457","Vihaan Jain","customer.1457@example.com","2024-08-11","Kolkata","India"
"CUST-1458","Sitara Kumar","customer.1458@example.com","2023-04-11","Mumbai","India"
"CUST-1459","Ayaan Mehta","customer.1459@example.com","2023-02-06","Ahmedabad","India"
"CUST-1460","Aditya Mehta","customer.1460@example.com","2024-10-18","Bangalore","India"
"CUST-1461","Vihaan Gupta","customer.1461@example.com","2025-02-27","Kolkata","India"
"CUST-1462","Reyansh Patel","customer.1462@example.com","2022-10-27","Hyderabad","India"
"CUST-1463","Aarav Patel","customer.1463@example.com","2024-10-28","Chennai","India"
"CUST-1464","Krishna Reddy","customer.1464@example.com","2022-01-18","Hyderabad","India"
"CUST-1465","Kiara Patel","customer.1465@example.com","2025-10-31","Hyderabad","India"
"CUST-1466","Vihaan Shah","customer.1466@example.com","2023-03-23","Mumbai","India"
"CUST-1467","Vivaan Kumar","customer.1467@example.com","2023-09-04","Kolkata","India"
"CUST-1468","Reyansh Kumar","customer.1468@example.com","2022-12-23","Surat","India"
"CUST-1469","Arjun Patel","customer.1469@example.com","2024-11-10","Hyderabad","India"
"CUST-1470","Ishaan Shah","customer.1470@example.com","2024-06-18","Delhi","India"
"CUST-1471","Aditya Sharma","customer.1471@example.com","2023-03-11","Bangalore","India"
"CUST-1472","Sai Patel","customer.1472@example.com","2025-08-09","Surat","India"
"CUST-1473","Kiara Sharma","customer.1473@example.com","2022-04-07","Surat","India"
"CUST-1474","Kiara Verma","customer.1474@example.com","2024-07-16","Delhi","India"
"CUST-1475","Saanvi Patel","customer.1475@example.com","2024-11-08","Chennai","India"
"CUST-1476","Ananya Reddy","customer.1476@example.com","2022-12-11","Kolkata","India"
"CUST-1477","Aditya Kumar","customer.1477@example.com","2023-09-13","Ahmedabad","India"
"CUST-1478","Vivaan Shah","customer.1478@example.com","2022-08-23","Bangalore","India"
"CUST-1479","Sitara Singh","customer.1479@example.com","2024-03-01","Hyderabad","India"
"CUST-1480","Ayaan Mehta","customer.1480@example.com","2025-05-17","Jaipur","India"
"CUST-1481","Vivaan Verma","customer.1481@example.com","2022-08-26","Surat","India"
"CUST-1482","Ayaan Shah","customer.1482@example.com","2022-08-20","Jaipur","India"
"CUST-1483","Aarav Verma","customer.1483@example.com","2022-10-23","Chennai","India"
"CUST-1484","Sitara Mehta","customer.1484@example.com","2024-10-01","Surat","India"
"CUST-1485","Sai Sharma","customer.1485@example.com","2023-10-31","Mumbai","India"
"CUST-1486","Kiara Gupta","customer.1486@example.com","2025-03-11","Ahmedabad","India"
"CUST-1487","Kiara Singh","customer.1487@example.com","2022-02-01","Surat","India"
"CUST-1488","Aarav Gupta","customer.1488@example.com","2025-02-14","Pune","India"
"CUST-1489","Ishaan Gupta","customer.1489@example.com","2023-03-20","Delhi","India"
"CUST-1490","Sai Mehta","customer.1490@example.com","2023-08-29","Hyderabad","India"
"CUST-1491","Pari Gupta","customer.1491@example.com","2022-05-18","Bangalore","India"
"CUST-1492","Krishna Shah","customer.1492@example.com","2023-12-02","Chennai","India"
"CUST-1493","Vihaan Jain","customer.1493@example.com","2025-02-26","Mumbai","India"
"CUST-1494","Ayaan Jain","customer.1494@example.com","2022-03-15","Pune","India"
"CUST-1495","Aarav Jain","customer.1495@example.com","2024-07-04","Ahmedabad","India"
"CUST-1496","Vihaan Verma","customer.1496@example.com","2022-12-15","Pune","India"
"CUST-1497","Diya Sharma","customer.1497@example.com","2023-03-09","Ahmedabad","India"
"CUST-1498","Aditya Verma","customer.1498@example.com","2023-05-10","Chennai","India"
"CUST-1499","Krishna Patel","customer.1499@example.com","2024-02-19","Bangalore","India"
"CUST-1500","Kiara Shah","customer.1500@example.com","2025-06-08","Delhi","India"
"CUST-1501","Aadya Gupta","customer.1501@example.com","2023-07-24","Hyderabad","India"
"CUST-1502","Vivaan Singh","customer.1502@example.com","2022-12-17","Ahmedabad","India"
"CUST-1503","Pari Shah","customer.1503@example.com","2023-02-01","Surat","India"
"CUST-1504","Ananya Reddy","customer.1504@example.com","2024-03-21","Hyderabad","India"
"CUST-1505","Aadya Verma","customer.1505@example.com","2022-10-28","Hyderabad","India"
"CUST-1506","Saanvi Jain","customer.1506@example.com","2022-12-23","Mumbai","India"
"CUST-1507","Riya Jain","customer.1507@example.com","2024-12-05","Ahmedabad","India"
"CUST-1508","Ishaan Gupta","customer.1508@example.com","2023-09-19","Surat","India"
"CUST-1509","Arjun Gupta","customer.1509@example.com","2022-07-02","Mumbai","India"
"CUST-1510","Diya Verma","customer.1510@example.com","2023-09-07","Surat","India"
"CUST-1511","Aditya Sharma","customer.1511@example.com","2025-01-16","Hyderabad","India"
"CUST-1512","Arjun Mehta","customer.1512@example.com","2023-12-09","Ahmedabad","India"
"CUST-1513","Saanvi Reddy","customer.1513@example.com","2024-09-28","Chennai","India"
"CUST-1514","Diya Reddy","customer.1514@example.com","2024-09-03","Jaipur","India"
"CUST-1515","Riya Verma","customer.1515@example.com","2022-05-19","Ahmedabad","India"
"CUST-1516","Sitara Sharma","customer.1516@example.com","2022-04-15","Bangalore","India"
"CUST-1517","Krishna Kumar","customer.1517@example.com","2022-06-04","Chennai","India"
"CUST-1518","Aarav Singh","customer.1518@example.com","2024-07-18","Chennai","India"
"CUST-1519","Vihaan Sharma","customer.1519@example.com","2025-06-23","Hyderabad","India"
"CUST-1520","Diya Verma","customer.1520@example.com","2024-07-07","Pune","India"
"CUST-1521","Krishna Patel","customer.1521@example.com","2022-07-09","Jaipur","India"
"CUST-1522","Aadya Verma","customer.1522@example.com","2022-11-30","Jaipur","India"
"CUST-1523","Arjun Patel","customer.1523@example.com","2024-05-24","Surat","India"
"CUST-1524","Ayaan Sharma","customer.1524@example.com","2023-06-02","Bangalore","India"
"CUST-1525","Riya Mehta","customer.1525@example.com","2023-04-27","Kolkata","India"
"CUST-1526","Sitara Shah","customer.1526@example.com","2022-03-09","Pune","India"
"CUST-1527","Aadya Gupta","customer.1527@example.com","2024-09-03","Kolkata","India"
"CUST-1528","Ishaan Jain","customer.1528@example.com","2025-01-06","Kolkata","India"
"CUST-1529","Sai Mehta","customer.1529@example.com","2023-09-10","Delhi","India"
"CUST-1530","Reyansh Singh","customer.1530@example.com","2024-02-21","Jaipur","India"
"CUST-1531","Ishaan Reddy","customer.1531@example.com","2023-03-07","Ahmedabad","India"
"CUST-1532","Saanvi Mehta","customer.1532@example.com","2024-06-11","Jaipur","India"
"CUST-1533","Vihaan Patel","customer.1533@example.com","2025-07-18","Kolkata","India"
"CUST-1534","Reyansh Shah","customer.1534@example.com","2022-01-25","Chennai","India"
"CUST-1535","Pari Singh","customer.1535@example.com","2024-06-18","Mumbai","India"
"CUST-1536","Aditya Singh","customer.1536@example.com","2025-01-20","Pune","India"
"CUST-1537","Vihaan Kumar","customer.1537@example.com","2022-07-07","Jaipur","India"
"CUST-1538","Krishna Mehta","customer.1538@example.com","2024-03-05","Ahmedabad","India"
"CUST-1539","Sitara Mehta","customer.1539@example.com","2022-07-06","Chennai","India"
"CUST-1540","Riya Patel","customer.1540@example.com","2023-05-23","Bangalore","India"
"CUST-1541","Sitara Jain","customer.1541@example.com","2024-01-13","Surat","India"
"CUST-1542","Sitara Singh","customer.1542@example.com","2023-08-05","Kolkata","India"
"CUST-1543","Ananya Reddy","customer.1543@example.com","2022-08-15","Chennai","India"
"CUST-1544","Sai Sharma","customer.1544@example.com","2025-09-04","Surat","India"
"CUST-1545","Aarav Reddy","customer.1545@example.com","2025-09-07","Chennai","India"
"CUST-1546","Aadya Reddy","customer.1546@example.com","2025-05-14","Delhi","India"
"CUST-1547","Pari Shah","customer.1547@example.com","2024-01-05","Jaipur","India"
"CUST-1548","Vivaan Jain","customer.1548@example.com","2023-04-24","Chennai","India"
"CUST-1549","Kiara Jain","customer.1549@example.com","2023-07-16","Surat","India"
"CUST-1550","Arjun Kumar","customer.1550@example.com","2025-03-16","Delhi","India"
"CUST-1551","Arjun Gupta","customer.1551@example.com","2023-05-31","Hyderabad","India"
"CUST-1552","Vihaan Verma","customer.1552@example.com","2025-03-05","Mumbai","India"
"CUST-1553","Riya Verma","customer.1553@example.com","2022-07-22","Chennai","India"
"CUST-1554","Kiara Shah","customer.1554@example.com","2025-10-04","Mumbai","India"
"CUST-1555","Vihaan Shah","customer.1555@example.com","2022-07-02","Kolkata","India"
"CUST-1556","Aadya Sharma","customer.1556@example.com","2024-02-09","Delhi","India"
"CUST-1557","Pari Reddy","customer.1557@example.com","2022-08-25","Jaipur","India"
"CUST-1558","Sai Mehta","customer.1558@example.com","2024-04-28","Ahmedabad","India"
"CUST-1559","Kiara Sharma","customer.1559@example.com","2025-07-15","Bangalore","India"
"CUST-1560","Reyansh Kumar","customer.1560@example.com","2024-02-03","Chennai","India"
"CUST-1561","Ayaan Reddy","customer.1561@example.com","2025-11-02","Ahmedabad","India"
"CUST-1562","Sai Jain","customer.1562@example.com","2024-01-31","Hyderabad","India"
"CUST-1563","Riya Patel","customer.1563@example.com","2024-02-15","Pune","India"
"CUST-1564","Aarav Sharma","customer.1564@example.com","2025-10-03","Kolkata","India"
"CUST-1565","Aditya Mehta","customer.1565@example.com","2023-08-11","Pune","India"
"CUST-1566","Saanvi Singh","customer.1566@example.com","2022-06-17","Hyderabad","India"
"CUST-1567","Ishaan Sharma","customer.1567@example.com","2024-07-27","Ahmedabad","India"
"CUST-1568","Vihaan Verma","customer.1568@example.com","2024-05-27","Pune","India"
"CUST-1569","Arjun Shah","customer.1569@example.com","2022-02-02","Delhi","India"
"CUST-1570","Riya Gupta","customer.1570@example.com","2024-01-03","Bangalore","India"
"CUST-1571","Arjun Shah","customer.1571@example.com","2023-06-24","Chennai","India"
"CUST-1572","Aditya Reddy","customer.1572@example.com","2023-06-11","Surat","India"
"CUST-1573","Saanvi Singh","customer.1573@example.com","2024-03-21","Delhi","India"
"CUST-1574","Aditya Reddy","customer.1574@example.com","2023-09-05","Surat","India"
"CUST-1575","Riya Singh","customer.1575@example.com","2025-04-25","Jaipur","India"
"CUST-1576","Ishaan Mehta","customer.1576@example.com","2023-06-16","Pune","India"
"CUST-1577","Diya Mehta","customer.1577@example.com","2022-10-07","Hyderabad","India"
"CUST-1578","Ishaan Jain","customer.1578@example.com","2023-10-19","Pune","India"
"CUST-1579","Krishna Jain","customer.1579@example.com","2024-10-24","Kolkata","India"
"CUST-1580","Arjun Patel","customer.1580@example.com","2023-05-13","Bangalore","India"
"CUST-1581","Diya Kumar","customer.1581@example.com","2023-02-13","Mumbai","India"
"CUST-1582","Diya Gupta","customer.1582@example.com","2022-12-10","Surat","India"
"CUST-1583","Diya Jain","customer.1583@example.com","2022-07-07","Surat","India"
"CUST-1584","Sai Shah","customer.1584@example.com","2025-05-18","Jaipur","India"
"CUST-1585","Pari Jain","customer.1585@example.com","2023-08-21","Pune","India"
"CUST-1586","Ayaan Singh","customer.1586@example.com","2023-01-31","Bangalore","India"
"CUST-1587","Arjun Patel","customer.1587@example.com","2022-03-10","Pune","India"
"CUST-1588","Pari Kumar","customer.1588@example.com","2023-12-07","Pune","India"
"CUST-1589","Vivaan Patel","customer.1589@example.com","2022-08-28","Pune","India"
"CUST-1590","Saanvi Reddy","customer.1590@example.com","2025-10-08","Pune","India"
"CUST-1591","Ananya Gupta","customer.1591@example.com","2024-07-01","Chennai","India"
"CUST-1592","Kiara Sharma","customer.1592@example.com","2024-12-20","Hyderabad","India"
"CUST-1593","Sai Shah","customer.1593@example.com","2023-02-19","Chennai","India"
"CUST-1594","Kiara Reddy","customer.1594@example.com","2024-07-25","Hyderabad","India"
"CUST-1595","Sitara Mehta","customer.1595@example.com","2024-10-15","Bangalore","India"
"CUST-1596","Krishna Jain","customer.1596@example.com","2022-12-20","Chennai","India"
"CUST-1597","Kiara Verma","customer.1597@example.com","2022-08-07","Chennai","India"
"CUST-1598","Riya Sharma","customer.1598@example.com","2025-07-25","Ahmedabad","India"
"CUST-1599","Ayaan Gupta","customer.1599@example.com","2024-01-20","Hyderabad","India"
"CUST-1600","Reyansh Jain","customer.1600@example.com","2024-10-01","Hyderabad","India"
"CUST-1601","Arjun Singh","customer.1601@example.com","2025-03-21","Delhi","India"
"CUST-1602","Sitara Verma","customer.1602@example.com","2024-06-27","Ahmedabad","India"
"CUST-1603","Reyansh Reddy","customer.1603@example.com","2025-01-21","Kolkata","India"
"CUST-1604","Sitara Patel","customer.1604@example.com","2025-09-04","Jaipur","India"
"CUST-1605","Ishaan Jain","customer.1605@example.com","2025-05-05","Surat","India"
"CUST-1606","Vihaan Singh","customer.1606@example.com","2022-03-16","Mumbai","India"
"CUST-1607","Arjun Gupta","customer.1607@example.com","2024-02-26","Surat","India"
"CUST-1608","Vivaan Verma","customer.1608@example.com","2022-06-08","Kolkata","India"
"CUST-1609","Kiara Gupta","customer.1609@example.com","2025-04-10","Pune","India"
"CUST-1610","Aditya Shah","customer.1610@example.com","2023-06-01","Delhi","India"
"CUST-1611","Saanvi Sharma","customer.1611@example.com","2025-01-18","Delhi","India"
"CUST-1612","Diya Shah","customer.1612@example.com","2024-05-17","Delhi","India"
"CUST-1613","Ayaan Verma","customer.1613@example.com","2022-02-18","Jaipur","India"
"CUST-1614","Sitara Shah","customer.1614@example.com","2023-11-03","Jaipur","India"
"CUST-1615","Pari Verma","customer.1615@example.com","2024-08-06","Hyderabad","India"
"CUST-1616","Ananya Mehta","customer.1616@example.com","2023-06-11","Hyderabad","India"
"CUST-1617","Krishna Mehta","customer.1617@example.com","2023-11-15","Surat","India"
"CUST-1618","Riya Verma","customer.1618@example.com","2025-06-07","Surat","India"
"CUST-1619","Sitara Sharma","customer.1619@example.com","2024-05-24","Bangalore","India"
"CUST-1620","Pari Verma","customer.1620@example.com","2023-12-11","Pune","India"
"CUST-1621","Saanvi Shah","customer.1621@example.com","2022-08-29","Pune","India"
"CUST-1622","Sai Verma","customer.1622@example.com","2022-11-02","Kolkata","India"
"CUST-1623","Aditya Shah","customer.1623@example.com","2023-07-05","Pune","India"
"CUST-1624","Riya Kumar","customer.1624@example.com","2025-06-23","Pune","India"
"CUST-1625","Aarav Jain","customer.1625@example.com","2023-12-19","Ahmedabad","India"
"CUST-1626","Aarav Gupta","customer.1626@example.com","2022-08-09","Pune","India"
"CUST-1627","Aditya Kumar","customer.1627@example.com","2025-05-06","Bangalore","India"
"CUST-1628","Ananya Sharma","customer.1628@example.com","2025-10-15","Chennai","India"
"CUST-1629","Reyansh Jain","customer.1629@example.com","2022-06-07","Bangalore","India"
"CUST-1630","Krishna Reddy","customer.1630@example.com","2023-09-14","Kolkata","India"
"CUST-1631","Kiara Patel","customer.1631@example.com","2022-10-28","Surat","India"
"CUST-1632","Arjun Sharma","customer.1632@example.com","2022-08-11","Kolkata","India"
"CUST-1633","Reyansh Kumar","customer.1633@example.com","2022-03-12","Hyderabad","India"
"CUST-1634","Ayaan Mehta","customer.1634@example.com","2023-07-24","Mumbai","India"
"CUST-1635","Aditya Jain","customer.1635@example.com","2024-05-11","Jaipur","India"
"CUST-1636","Vihaan Patel","customer.1636@example.com","2023-04-16","Chennai","India"
"CUST-1637","Ishaan Gupta","customer.1637@example.com","2023-07-17","Bangalore","India"
"CUST-1638","Vihaan Patel","customer.1638@example.com","2025-09-11","Kolkata","India"
"CUST-1639","Ishaan Jain","customer.1639@example.com","2025-08-29","Mumbai","India"
"CUST-1640","Sai Patel","customer.1640@example.com","2024-02-21","Kolkata","India"
"CUST-1641","Reyansh Shah","customer.1641@example.com","2022-05-25","Mumbai","India"
"CUST-1642","Sai Verma","customer.1642@example.com","2022-10-25","Bangalore","India"
"CUST-1643","Saanvi Jain","customer.1643@example.com","2023-06-04","Hyderabad","India"
"CUST-1644","Vivaan Patel","customer.1644@example.com","2024-08-30","Chennai","India"
"CUST-1645","Kiara Kumar","customer.1645@example.com","2024-03-26","Pune","India"
"CUST-1646","Saanvi Verma","customer.1646@example.com","2025-06-15","Jaipur","India"
"CUST-1647","Aditya Jain","customer.1647@example.com","2024-02-29","Hyderabad","India"
"CUST-1648","Diya Mehta","customer.1648@example.com","2022-10-14","Chennai","India"
"CUST-1649","Ananya Patel","customer.1649@example.com","2023-07-27","Bangalore","India"
"CUST-1650","Pari Gupta","customer.1650@example.com","2025-11-05","Jaipur","India"
"CUST-1651","Saanvi Singh","customer.1651@example.com","2023-05-20","Kolkata","India"
"CUST-1652","Kiara Sharma","customer.1652@example.com","2023-07-11","Chennai","India"
"CUST-1653","Ananya Jain","customer.1653@example.com","2022-03-08","Surat","India"
"CUST-1654","Reyansh Patel","customer.1654@example.com","2025-09-20","Surat","India"
"CUST-1655","Sai Sharma","customer.1655@example.com","2022-01-12","Delhi","India"
"CUST-1656","Krishna Mehta","customer.1656@example.com","2025-09-01","Kolkata","India"
"CUST-1657","Krishna Patel","customer.1657@example.com","2024-01-04","Pune","India"
"CUST-1658","Ananya Sharma","customer.1658@example.com","2023-07-25","Bangalore","India"
"CUST-1659","Sai Sharma","customer.1659@example.com","2022-04-28","Mumbai","India"
"CUST-1660","Krishna Patel","customer.1660@example.com","2025-08-14","Ahmedabad","India"
"CUST-1661","Vihaan Kumar","customer.1661@example.com","2022-12-20","Chennai","India"
"CUST-1662","Reyansh Singh","customer.1662@example.com","2025-01-18","Chennai","India"
"CUST-1663","Aditya Sharma","customer.1663@example.com","2022-08-17","Hyderabad","India"
"CUST-1664","Aadya Jain","customer.1664@example.com","2022-08-08","Surat","India"
"CUST-1665","Sitara Shah","customer.1665@example.com","2022-06-15","Pune","India"
"CUST-1666","Diya Sharma","customer.1666@example.com","2025-03-24","Jaipur","India"
"CUST-1667","Saanvi Kumar","customer.1667@example.com","2023-12-29","Ahmedabad","India"
"CUST-1668","Ananya Gupta","customer.1668@example.com","2023-12-06","Delhi","India"
"CUST-1669","Sai Mehta","customer.1669@example.com","2022-11-10","Pune","India"
"CUST-1670","Arjun Reddy","customer.1670@example.com","2024-06-02","Delhi","India"
"CUST-1671","Ananya Mehta","customer.1671@example.com","2024-02-13","Mumbai","India"
"CUST-1672","Riya Singh","customer.1672@example.com","2023-12-24","Kolkata","India"
"CUST-1673","Arjun Reddy","customer.1673@example.com","2024-07-06","Mumbai","India"
"CUST-1674","Ishaan Verma","customer.1674@example.com","2023-03-11","Ahmedabad","India"
"CUST-1675","Saanvi Reddy","customer.1675@example.com","2022-01-25","Surat","India"
"CUST-1676","Aadya Singh","customer.1676@example.com","2022-04-04","Hyderabad","India"
"CUST-1677","Kiara Patel","customer.1677@example.com","2025-07-21","Hyderabad","India"
"CUST-1678","Kiara Shah","customer.1678@example.com","2025-06-15","Bangalore","India"
"CUST-1679","Pari Reddy","customer.1679@example.com","2022-12-13","Pune","India"
"CUST-1680","Vivaan Singh","customer.1680@example.com","2024-12-26","Mumbai","India"
"CUST-1681","Diya Kumar","customer.1681@example.com","2022-04-04","Kolkata","India"
"CUST-1682","Kiara Jain","customer.1682@example.com","2024-10-20","Chennai","India"
"CUST-1683","Ananya Sharma","customer.1683@example.com","2025-02-28","Chennai","India"
"CUST-1684","Aarav Mehta","customer.1684@example.com","2022-11-25","Delhi","India"
"CUST-1685","Sitara Jain","customer.1685@example.com","2022-12-19","Chennai","India"
"CUST-1686","Pari Shah","customer.1686@example.com","2025-08-10","Hyderabad","India"
"CUST-1687","Saanvi Singh","customer.1687@example.com","2022-10-23","Ahmedabad","India"
"CUST-1688","Diya Patel","customer.1688@example.com","2023-08-08","Pune","India"
"CUST-1689","Riya Reddy","customer.1689@example.com","2025-01-31","Surat","India"
"CUST-1690","Reyansh Kumar","customer.1690@example.com","2025-11-10","Hyderabad","India"
"CUST-1691","Riya Verma","customer.1691@example.com","2023-07-23","Kolkata","India"
"CUST-1692","Pari Patel","customer.1692@example.com","2024-04-06","Delhi","India"
"CUST-1693","Aditya Kumar","customer.1693@example.com","2022-06-07","Jaipur","India"
"CUST-1694","Aadya Reddy","customer.1694@example.com","2024-08-19","Mumbai","India"
"CUST-1695","Sitara Sharma","customer.1695@example.com","2024-11-06","Surat","India"
"CUST-1696","Ishaan Verma","customer.1696@example.com","2023-12-15","Mumbai","India"
"CUST-1697","Diya Sharma","customer.1697@example.com","2024-05-24","Ahmedabad","India"
"CUST-1698","Pari Verma","customer.1698@example.com","2025-04-18","Ahmedabad","India"
"CUST-1699","Vihaan Patel","customer.1699@example.com","2024-01-12","Chennai","India"
"CUST-1700","Vivaan Reddy","customer.1700@example.com","2025-04-21","Jaipur","India"
"CUST-1701","Aadya Verma","customer.1701@example.com","2025-08-04","Ahmedabad","India"
"CUST-1702","Krishna Mehta","customer.1702@example.com","2025-08-10","Bangalore","India"
"CUST-1703","Kiara Gupta","customer.1703@example.com","2025-03-10","Mumbai","India"
"CUST-1704","Riya Verma","customer.1704@example.com","2022-03-06","Pune","India"
"CUST-1705","Sitara Verma","customer.1705@example.com","2023-04-26","Jaipur","India"
"CUST-1706","Reyansh Mehta","customer.1706@example.com","2025-05-04","Hyderabad","India"
"CUST-1707","Arjun Patel","customer.1707@example.com","2024-10-30","Delhi","India"
"CUST-1708","Arjun Jain","customer.1708@example.com","2023-06-24","Delhi","India"
"CUST-1709","Arjun Jain","customer.1709@example.com","2024-08-23","Chennai","India"
"CUST-1710","Ayaan Singh","customer.1710@example.com","2024-08-27","Jaipur","India"
"CUST-1711","Ananya Mehta","customer.1711@example.com","2023-09-27","Chennai","India"
"CUST-1712","Sai Verma","customer.1712@example.com","2022-01-16","Hyderabad","India"
"CUST-1713","Vivaan Verma","customer.1713@example.com","2024-11-12","Pune","India"
"CUST-1714","Diya Mehta","customer.1714@example.com","2023-09-12","Surat","India"
"CUST-1715","Aarav Sharma","customer.1715@example.com","2023-03-02","Pune","India"
"CUST-1716","Aarav Singh","customer.1716@example.com","2025-07-16","Surat","India"
"CUST-1717","Ananya Patel","customer.1717@example.com","2023-10-10","Jaipur","India"
"CUST-1718","Aditya Verma","customer.1718@example.com","2025-03-29","Pune","India"
"CUST-1719","Ayaan Mehta","customer.1719@example.com","2023-04-01","Jaipur","India"
"CUST-1720","Riya Reddy","customer.1720@example.com","2022-11-18","Delhi","India"
"CUST-1721","Sitara Jain","customer.1721@example.com","2024-09-29","Pune","India"
"CUST-1722","Pari Reddy","customer.1722@example.com","2023-07-03","Kolkata","India"
"CUST-1723","Ananya Sharma","customer.1723@example.com","2022-08-08","Chennai","India"
"CUST-1724","Kiara Jain","customer.1724@example.com","2023-12-29","Pune","India"
"CUST-1725","Vivaan Sharma","customer.1725@example.com","2024-10-09","Delhi","India"
"CUST-1726","Riya Mehta","customer.1726@example.com","2022-04-26","Jaipur","India"
"CUST-1727","Ishaan Jain","customer.1727@example.com","2025-03-29","Jaipur","India"
"CUST-1728","Aadya Jain","customer.1728@example.com","2022-12-27","Hyderabad","India"
"CUST-1729","Krishna Mehta","customer.1729@example.com","2025-09-18","Surat","India"
"CUST-1730","Ayaan Patel","customer.1730@example.com","2023-01-24","Hyderabad","India"
"CUST-1731","Kiara Kumar","customer.1731@example.com","2024-12-21","Pune","India"
"CUST-1732","Aditya Singh","customer.1732@example.com","2025-04-10","Hyderabad","India"
"CUST-1733","Vivaan Mehta","customer.1733@example.com","2023-01-13","Delhi","India"
"CUST-1734","Sitara Patel","customer.1734@example.com","2025-09-21","Surat","India"
"CUST-1735","Reyansh Mehta","customer.1735@example.com","2022-11-01","Mumbai","India"
"CUST-1736","Pari Singh","customer.1736@example.com","2024-05-20","Delhi","India"
"CUST-1737","Vihaan Singh","customer.1737@example.com","2023-03-07","Kolkata","India"
"CUST-1738","Aditya Verma","customer.1738@example.com","2025-08-06","Jaipur","India"
"CUST-1739","Pari Shah","customer.1739@example.com","2023-01-11","Pune","India"
"CUST-1740","Aditya Jain","customer.1740@example.com","2025-04-17","Bangalore","India"
"CUST-1741","Saanvi Patel","customer.1741@example.com","2025-04-28","Surat","India"
"CUST-1742","Pari Reddy","customer.1742@example.com","2022-02-09","Kolkata","India"
"CUST-1743","Pari Sharma","customer.1743@example.com","2024-06-26","Jaipur","India"
"CUST-1744","Arjun Shah","customer.1744@example.com","2024-04-23","Pune","India"
"CUST-1745","Aadya Mehta","customer.1745@example.com","2022-08-21","Pune","India"
"CUST-1746","Sai Jain","customer.1746@example.com","2025-07-05","Mumbai","India"
"CUST-1747","Riya Kumar","customer.1747@example.com","2025-02-03","Pune","India"
"CUST-1748","Krishna Gupta","customer.1748@example.com","2024-11-07","Surat","India"
"CUST-1749","Pari Gupta","customer.1749@example.com","2022-09-21","Pune","India"
"CUST-1750","Saanvi Mehta","customer.1750@example.com","2025-01-30","Bangalore","India"
"CUST-1751","Saanvi Patel","customer.1751@example.com","2023-08-04","Ahmedabad","India"
"CUST-1752","Aadya Sharma","customer.1752@example.com","2024-10-31","Kolkata","India"
"CUST-1753","Riya Sharma","customer.1753@example.com","2022-12-25","Delhi","India"
"CUST-1754","Reyansh Gupta","customer.1754@example.com","2024-12-30","Chennai","India"
"CUST-1755","Krishna Patel","customer.1755@example.com","2024-02-19","Chennai","India"
"CUST-1756","Ayaan Jain","customer.1756@example.com","2022-05-22","Jaipur","India"
"CUST-1757","Reyansh Reddy","customer.1757@example.com","2022-06-29","Kolkata","India"
"CUST-1758","Aarav Gupta","customer.1758@example.com","2024-06-11","Pune","India"
"CUST-1759","Ishaan Mehta","customer.1759@example.com","2024-09-03","Mumbai","India"
"CUST-1760","Reyansh Patel","customer.1760@example.com","2023-07-14","Mumbai","India"
"CUST-1761","Arjun Mehta","customer.1761@example.com","2023-08-08","Bangalore","India"
"CUST-1762","Vihaan Reddy","customer.1762@example.com","2025-09-28","Pune","India"
"CUST-1763","Arjun Sharma","customer.1763@example.com","2023-01-27","Kolkata","India"
"CUST-1764","Sai Singh","customer.1764@example.com","2023-12-22","Jaipur","India"
"CUST-1765","Krishna Shah","customer.1765@example.com","2022-07-25","Chennai","India"
"CUST-1766","Pari Singh","customer.1766@example.com","2024-06-22","Hyderabad","India"
"CUST-1767","Vivaan Jain","customer.1767@example.com","2025-04-05","Pune","India"
"CUST-1768","Ananya Reddy","customer.1768@example.com","2023-06-15","Ahmedabad","India"
"CUST-1769","Sai Mehta","customer.1769@example.com","2023-09-14","Bangalore","India"
"CUST-1770","Sai Singh","customer.1770@example.com","2025-06-23","Bangalore","India"
"CUST-1771","Sai Jain","customer.1771@example.com","2023-08-12","Chennai","India"
"CUST-1772","Sitara Shah","customer.1772@example.com","2024-12-20","Pune","India"
"CUST-1773","Krishna Kumar","customer.1773@example.com","2025-04-08","Kolkata","India"
"CUST-1774","Aditya Mehta","customer.1774@example.com","2022-06-29","Pune","India"
"CUST-1775","Aadya Singh","customer.1775@example.com","2024-11-21","Kolkata","India"
"CUST-1776","Diya Sharma","customer.1776@example.com","2023-01-26","Delhi","India"
"CUST-1777","Krishna Patel","customer.1777@example.com","2023-12-09","Jaipur","India"
"CUST-1778","Riya Sharma","customer.1778@example.com","2023-01-13","Hyderabad","India"
"CUST-1779","Reyansh Jain","customer.1779@example.com","2022-07-16","Hyderabad","India"
"CUST-1780","Vivaan Shah","customer.1780@example.com","2022-05-04","Pune","India"
"CUST-1781","Vivaan Sharma","customer.1781@example.com","2022-02-05","Jaipur","India"
"CUST-1782","Vivaan Sharma","customer.1782@example.com","2023-08-15","Hyderabad","India"
"CUST-1783","Arjun Verma","customer.1783@example.com","2025-06-02","Ahmedabad","India"
"CUST-1784","Aarav Patel","customer.1784@example.com","2023-12-09","Ahmedabad","India"
"CUST-1785","Sitara Singh","customer.1785@example.com","2024-07-06","Bangalore","India"
"CUST-1786","Vivaan Gupta","customer.1786@example.com","2023-04-16","Jaipur","India"
"CUST-1787","Diya Singh","customer.1787@example.com","2022-01-26","Ahmedabad","India"
"CUST-1788","Sai Sharma","customer.1788@example.com","2025-07-01","Delhi","India"
"CUST-1789","Sitara Jain","customer.1789@example.com","2022-08-11","Hyderabad","India"
"CUST-1790","Saanvi Jain","customer.1790@example.com","2023-04-14","Kolkata","India"
"CUST-1791","Saanvi Patel","customer.1791@example.com","2023-04-18","Jaipur","India"
"CUST-1792","Riya Singh","customer.1792@example.com","2025-02-16","Bangalore","India"
"CUST-1793","Pari Gupta","customer.1793@example.com","2025-07-16","Pune","India"
"CUST-1794","Ananya Gupta","customer.1794@example.com","2025-01-31","Pune","India"
"CUST-1795","Ananya Reddy","customer.1795@example.com","2022-06-14","Bangalore","India"
"CUST-1796","Sitara Jain","customer.1796@example.com","2025-08-07","Ahmedabad","India"
"CUST-1797","Kiara Shah","customer.1797@example.com","2023-12-19","Bangalore","India"
"CUST-1798","Sai Sharma","customer.1798@example.com","2025-11-15","Bangalore","India"
"CUST-1799","Saanvi Jain","customer.1799@example.com","2025-06-23","Jaipur","India"
"CUST-1800","Vivaan Sharma","customer.1800@example.com","2022-10-15","Kolkata","India"